y/delta, Ruu/utau^2, Rvv/utau^2, Rww/utau^2, Ruv/utau^2, Ruw/utau^2, Rvw/utau^2
0.000000000e+00,1.000000000e-06,1.000000000e-06,1.000000000e-06,0.000000000e+00,0.000000000e+00,0.000000000e+00
4.065040650e-03,8.468907041e-01,1.000000000e-06,2.452015184e-01, 0.0, 0.0, 0.0
8.130081301e-03,2.817756555e+00,1.000000000e-06,6.142530749e-01, 0.0, 0.0, 0.0
1.219512195e-02,4.666321806e+00,3.121979722e-02,9.728178329e-01,-2.874915711e-01,-3.128502566e-03,8.887283255e-06
1.626016260e-02,6.025848574e+00,8.887858835e-02,1.229328250e+00,-4.318061549e-01,-5.427902346e-03,1.611453832e-04
2.032520325e-02,6.751589867e+00,1.620193612e-01,1.417421458e+00,-5.717499915e-01,-6.296066102e-03,3.948042277e-04
2.439024390e-02,7.055966212e+00,2.535543532e-01,1.588848596e+00,-6.870866215e-01,-4.805161402e-03,6.123344715e-04
2.845528455e-02,7.099247012e+00,3.462406515e-01,1.725297278e+00,-7.563318224e-01,-1.139702200e-03,7.878838783e-04
3.252032520e-02,6.988462547e+00,4.252817954e-01,1.809711467e+00,-8.160860703e-01,3.555866413e-03,9.192820541e-04
3.658536585e-02,6.795997810e+00,4.875842027e-01,1.869097989e+00,-8.550092395e-01,8.276516406e-03,1.001064668e-03
4.065040650e-02,6.563589293e+00,5.498751872e-01,1.929471199e+00,-8.811462795e-01,1.278341472e-02,1.013776988e-03
4.471544715e-02,6.331518234e+00,6.152843128e-01,1.971598388e+00,-9.041778492e-01,1.692364013e-02,9.553757313e-04
4.878048780e-02,6.115319924e+00,6.649138506e-01,1.994564711e+00,-9.209905290e-01,2.026514479e-02,8.719452393e-04
5.284552846e-02,5.903945337e+00,7.037671779e-01,2.009634458e+00,-9.347115359e-01,2.251983020e-02,8.106245308e-04
5.691056911e-02,5.705916947e+00,7.530556478e-01,2.018465519e+00,-9.497966764e-01,2.372950545e-02,7.813280949e-04
6.097560976e-02,5.527079588e+00,8.033661291e-01,2.026680483e+00,-9.696880841e-01,2.411518223e-02,7.663965393e-04
6.504065041e-02,5.351344406e+00,8.377789063e-01,2.038420320e+00,-9.908122394e-01,2.398502656e-02,7.549496561e-04
6.910569106e-02,5.180658264e+00,8.648549711e-01,2.037478232e+00,-1.007528865e+00,2.360404717e-02,7.601531303e-04
7.317073171e-02,5.031746431e+00,8.935942151e-01,2.033372325e+00,-1.016677345e+00,2.317055757e-02,7.999871501e-04
7.723577236e-02,4.915691910e+00,9.242154868e-01,2.037404485e+00,-1.019921491e+00,2.277308238e-02,8.648549340e-04
8.130081301e-02,4.803562893e+00,9.559705471e-01,2.029396517e+00,-1.022971221e+00,2.238643945e-02,9.246229758e-04
8.536585366e-02,4.684662469e+00,9.881111571e-01,2.012992796e+00,-1.027461411e+00,2.191204980e-02,9.622610855e-04
8.943089431e-02,4.585844213e+00,1.019889078e+00,1.995584796e+00,-1.031845565e+00,2.119860568e-02,9.865166287e-04
9.349593496e-02,4.516400511e+00,1.050556071e+00,1.978687906e+00,-1.034424713e+00,2.009469280e-02,1.014704522e-03
9.756097561e-02,4.445385713e+00,1.079363896e+00,1.962469738e+00,-1.034661969e+00,1.864692388e-02,1.022420113e-03
1.016260163e-01,4.372134877e+00,1.105564315e+00,1.946911235e+00,-1.032780492e+00,1.698869037e-02,9.856599248e-04
1.056910569e-01,4.297656314e+00,1.128409089e+00,1.931993338e+00,-1.029014937e+00,1.524937407e-02,8.995576100e-04
1.097560976e-01,4.222958337e+00,1.147257760e+00,1.917696989e+00,-1.023599957e+00,1.354699916e-02,7.766998994e-04
1.138211382e-01,4.149049257e+00,1.162191612e+00,1.904003131e+00,-1.016770206e+00,1.202219555e-02,6.408148101e-04
1.178861789e-01,4.076937387e+00,1.173588289e+00,1.890892706e+00,-1.008760339e+00,1.077802859e-02,5.074751098e-04
1.219512195e-01,4.007631037e+00,1.181826343e+00,1.878346655e+00,-9.998050097e-01,9.758503541e-03,3.817136316e-04
1.260162602e-01,3.942138521e+00,1.187284327e+00,1.866345921e+00,-9.901388719e-01,8.751157067e-03,2.629526690e-04
1.300813008e-01,3.881468150e+00,1.190340791e+00,1.854871445e+00,-9.799965797e-01,7.699129774e-03,1.521091054e-04
1.341463415e-01,3.826620185e+00,1.191374288e+00,1.843904171e+00,-9.696127873e-01,6.735280599e-03,3.224604235e-05
1.382113821e-01,3.778020301e+00,1.190763369e+00,1.833425039e+00,-9.592221486e-01,6.073402840e-03,-1.244100867e-04
1.422764228e-01,3.735146545e+00,1.188886586e+00,1.823414993e+00,-9.490593177e-01,5.763839007e-03,-3.205564720e-04
1.463414634e-01,3.697388400e+00,1.186122490e+00,1.813854973e+00,-9.393589487e-01,5.738646523e-03,-5.200557840e-04
1.504065041e-01,3.664135349e+00,1.182849633e+00,1.804725923e+00,-9.303556956e-01,5.864157170e-03,-6.652583189e-04
1.544715447e-01,3.634776873e+00,1.179446567e+00,1.796008785e+00,-9.222635154e-01,6.015536972e-03,-7.189631002e-04
1.585365854e-01,3.608702454e+00,1.176285732e+00,1.787684499e+00,-9.151135410e-01,6.161054474e-03,-6.931268441e-04
1.626016260e-01,3.585301576e+00,1.173551213e+00,1.779734009e+00,-9.088416215e-01,6.338173050e-03,-6.328556366e-04
1.666666667e-01,3.563963720e+00,1.171207603e+00,1.772138257e+00,-9.033827838e-01,6.510254237e-03,-5.547528383e-04
1.707317073e-01,3.544078369e+00,1.169207106e+00,1.764878184e+00,-8.986720545e-01,6.595177499e-03,-4.529661520e-04
1.747967480e-01,3.525035004e+00,1.167501929e+00,1.757934733e+00,-8.946444603e-01,6.506356874e-03,-3.131613559e-04
1.788617886e-01,3.506223109e+00,1.166044277e+00,1.751288846e+00,-8.912350280e-01,6.276348930e-03,-1.420420195e-04
1.829268293e-01,3.487032165e+00,1.164786358e+00,1.744921465e+00,-8.883787841e-01,6.014323052e-03,4.004897876e-05
1.869918699e-01,3.466945244e+00,1.163680376e+00,1.738813532e+00,-8.860107555e-01,5.772474799e-03,2.313800508e-04
1.910569106e-01,3.445920935e+00,1.162678537e+00,1.732945989e+00,-8.840659688e-01,5.548888465e-03,4.395759086e-04
1.951219512e-01,3.424068487e+00,1.161733048e+00,1.727299777e+00,-8.824794508e-01,5.278056634e-03,6.764384703e-04
1.991869919e-01,3.401497205e+00,1.160796115e+00,1.721855841e+00,-8.811862281e-01,4.942709407e-03,9.324906181e-04
2.032520325e-01,3.378316396e+00,1.159819944e+00,1.716595120e+00,-8.801213275e-01,4.597056195e-03,1.173259776e-03
2.073170732e-01,3.354635367e+00,1.158756740e+00,1.711498558e+00,-8.792197756e-01,4.286590614e-03,1.383116505e-03
2.113821138e-01,3.330563425e+00,1.157558709e+00,1.706547096e+00,-8.784165992e-01,4.038242785e-03,1.564666451e-03
2.154471545e-01,3.306209876e+00,1.156178066e+00,1.701721677e+00,-8.776468250e-01,3.826680047e-03,1.739992722e-03
2.195121951e-01,3.281684026e+00,1.154579076e+00,1.697003243e+00,-8.768454797e-01,3.625569446e-03,1.934098173e-03
2.235772358e-01,3.257095183e+00,1.152762286e+00,1.692372735e+00,-8.759475899e-01,3.496464454e-03,2.149397431e-03
2.276422764e-01,3.232552654e+00,1.150735042e+00,1.687811096e+00,-8.748881825e-01,3.512453830e-03,2.375131877e-03
2.317073171e-01,3.208165744e+00,1.148504691e+00,1.683299268e+00,-8.736022840e-01,3.706117383e-03,2.583713705e-03
2.357723577e-01,3.184043761e+00,1.146078580e+00,1.678818193e+00,-8.720249213e-01,4.084131123e-03,2.753725921e-03
2.398373984e-01,3.160296011e+00,1.143464056e+00,1.674348813e+00,-8.700913059e-01,4.618890269e-03,2.883864097e-03
2.439024390e-01,3.137031801e+00,1.140668464e+00,1.669872070e+00,-8.677651978e-01,5.258791474e-03,2.984598893e-03
2.479674797e-01,3.114360438e+00,1.137699152e+00,1.665368906e+00,-8.650694733e-01,5.922132396e-03,3.080649723e-03
2.520325203e-01,3.092383494e+00,1.134563466e+00,1.660820264e+00,-8.620343428e-01,6.541759210e-03,3.187514934e-03
2.560975610e-01,3.071094847e+00,1.131268753e+00,1.656207085e+00,-8.586900170e-01,7.076184085e-03,3.304900101e-03
2.601626016e-01,3.050409401e+00,1.127822360e+00,1.651510311e+00,-8.550667064e-01,7.513126287e-03,3.422344483e-03
2.642276423e-01,3.030240244e+00,1.124231633e+00,1.646710885e+00,-8.511946214e-01,7.873352558e-03,3.518493552e-03
2.682926829e-01,3.010500464e+00,1.120503919e+00,1.641789749e+00,-8.471039727e-01,8.180500230e-03,3.580242780e-03
2.723577236e-01,2.991103147e+00,1.116646565e+00,1.636727844e+00,-8.428249708e-01,8.455107633e-03,3.607418910e-03
2.764227642e-01,2.971961380e+00,1.112666917e+00,1.631506113e+00,-8.383878261e-01,8.707305734e-03,3.603913461e-03
2.804878049e-01,2.952988252e+00,1.108572322e+00,1.626105499e+00,-8.338227493e-01,8.932472205e-03,3.575803448e-03
2.845528455e-01,2.934096849e+00,1.104370126e+00,1.620506942e+00,-8.291599509e-01,9.128332371e-03,3.531494486e-03
2.886178862e-01,2.915200259e+00,1.100067677e+00,1.614691385e+00,-8.244296413e-01,9.302531692e-03,3.482521528e-03
2.926829268e-01,2.896211569e+00,1.095672321e+00,1.608639770e+00,-8.196620312e-01,9.458475287e-03,3.439960303e-03
2.967479675e-01,2.877043866e+00,1.091191404e+00,1.602333039e+00,-8.148873311e-01,9.583909893e-03,3.411974207e-03
3.008130081e-01,2.857610237e+00,1.086631009e+00,1.595752135e+00,-8.101357514e-01,9.666165521e-03,3.405024749e-03
3.048780488e-01,2.837823771e+00,1.081989966e+00,1.588877999e+00,-8.054375028e-01,9.704176116e-03,3.420900159e-03
3.089430894e-01,2.817597553e+00,1.077264527e+00,1.581691686e+00,-8.008227031e-01,9.701024137e-03,3.460078315e-03
3.130081301e-01,2.796844672e+00,1.072450939e+00,1.574185260e+00,-7.963124116e-01,9.666482494e-03,3.522618565e-03
3.170731707e-01,2.775479225e+00,1.067545449e+00,1.566370885e+00,-7.919111461e-01,9.615251925e-03,3.608054173e-03
3.211382114e-01,2.753484033e+00,1.062544305e+00,1.558262868e+00,-7.876216629e-01,9.579863345e-03,3.713240187e-03
3.252032520e-01,2.730953423e+00,1.057443754e+00,1.549875515e+00,-7.834467182e-01,9.602099574e-03,3.832986750e-03
3.292682927e-01,2.707991917e+00,1.052240044e+00,1.541223132e+00,-7.793890684e-01,9.678340326e-03,3.961629462e-03
3.333333333e-01,2.684704037e+00,1.046929423e+00,1.532320026e+00,-7.754514696e-01,9.748876674e-03,4.092743204e-03
3.373983740e-01,2.661194306e+00,1.041508137e+00,1.523180502e+00,-7.716366782e-01,9.758623944e-03,4.222485335e-03
3.414634146e-01,2.637567246e+00,1.035972435e+00,1.513818866e+00,-7.679474504e-01,9.659021194e-03,4.351714751e-03
3.455284553e-01,2.613927380e+00,1.030318563e+00,1.504249426e+00,-7.643865426e-01,9.417101223e-03,4.482227381e-03
3.495934959e-01,2.590379229e+00,1.024542770e+00,1.494486486e+00,-7.609567109e-01,9.037805025e-03,4.616596789e-03
3.536585366e-01,2.567027317e+00,1.018641302e+00,1.484544353e+00,-7.576607117e-01,8.538259384e-03,4.757082879e-03
3.577235772e-01,2.543976167e+00,1.012610408e+00,1.474437333e+00,-7.545013012e-01,7.919326327e-03,4.902266922e-03
3.617886179e-01,2.521330299e+00,1.006446335e+00,1.464179733e+00,-7.514812358e-01,7.171712795e-03,5.048319311e-03
3.658536585e-01,2.499194238e+00,1.000145330e+00,1.453785858e+00,-7.486032716e-01,6.311267039e-03,5.188532506e-03
3.699186992e-01,2.477672505e+00,9.937036409e-01,1.443270015e+00,-7.458701650e-01,5.378840632e-03,5.312781688e-03
3.739837398e-01,2.456862162e+00,9.871182062e-01,1.432646509e+00,-7.432830350e-01,4.426896726e-03,5.412421522e-03
3.780487805e-01,2.436758012e+00,9.803954369e-01,1.421929648e+00,-7.408205574e-01,3.525856062e-03,5.482854916e-03
3.821138211e-01,2.417280670e+00,9.735486164e-01,1.411133736e+00,-7.384451264e-01,2.748409549e-03,5.521199183e-03
3.861788618e-01,2.398349087e+00,9.665911821e-01,1.400273081e+00,-7.361187709e-01,2.136230967e-03,5.530220460e-03
3.902439024e-01,2.379882212e+00,9.595365714e-01,1.389361988e+00,-7.338035196e-01,1.716772746e-03,5.515488857e-03
3.943089431e-01,2.361798998e+00,9.523982217e-01,1.378414763e+00,-7.314614015e-01,1.482965973e-03,5.486649248e-03
3.983739837e-01,2.344018395e+00,9.451895703e-01,1.367445713e+00,-7.290544455e-01,1.386339759e-03,5.458220740e-03
4.024390244e-01,2.326459354e+00,9.379240547e-01,1.356468841e+00,-7.265446804e-01,1.379418218e-03,5.444503182e-03
4.065040650e-01,2.309040826e+00,9.306151123e-01,1.345489185e+00,-7.238941351e-01,1.435691834e-03,5.456938834e-03
4.105691057e-01,2.291681761e+00,9.232761805e-01,1.334501564e+00,-7.210648385e-01,1.535289953e-03,5.505379962e-03
4.146341463e-01,2.274301111e+00,9.159206967e-01,1.323500235e+00,-7.180188194e-01,1.675775438e-03,5.588895361e-03
4.186991870e-01,2.256817826e+00,9.085620982e-01,1.312479458e+00,-7.147181067e-01,1.869932520e-03,5.697144855e-03
4.227642276e-01,2.239150858e+00,9.012138226e-01,1.301433492e+00,-7.111247292e-01,2.134052763e-03,5.818920014e-03
4.268292683e-01,2.221219156e+00,8.938893071e-01,1.290356595e+00,-7.072007159e-01,2.494746767e-03,5.940315909e-03
4.308943089e-01,2.202941673e+00,8.866019893e-01,1.279243028e+00,-7.029080956e-01,2.975289305e-03,6.048473595e-03
4.349593496e-01,2.184254629e+00,8.793653064e-01,1.268087048e+00,-6.982088972e-01,3.570247571e-03,6.138853930e-03
4.390243902e-01,2.165174392e+00,8.721926959e-01,1.256882915e+00,-6.930651496e-01,4.252328904e-03,6.213235664e-03
4.430894309e-01,2.145740558e+00,8.650975952e-01,1.245624888e+00,-6.874388816e-01,4.991908801e-03,6.274513182e-03
4.471544715e-01,2.125992726e+00,8.580934418e-01,1.234307226e+00,-6.813080320e-01,5.751477572e-03,6.328594004e-03
4.512195122e-01,2.105970495e+00,8.511936729e-01,1.222924188e+00,-6.747111626e-01,6.496640828e-03,6.381006724e-03
4.552845528e-01,2.085713465e+00,8.444114329e-01,1.211470032e+00,-6.677012731e-01,7.217745986e-03,6.432391834e-03
4.593495935e-01,2.065261234e+00,8.377489797e-01,1.199939019e+00,-6.603313630e-01,7.923058273e-03,6.479678387e-03
4.634146341e-01,2.044653402e+00,8.311947186e-01,1.188325407e+00,-6.526544318e-01,8.616013491e-03,6.522643010e-03
4.674796748e-01,2.023929568e+00,8.247361574e-01,1.176623455e+00,-6.447234791e-01,9.293670269e-03,6.565463335e-03
4.715447154e-01,2.003129330e+00,8.183608039e-01,1.164827421e+00,-6.365915043e-01,9.951436999e-03,6.613190586e-03
4.756097561e-01,1.982292288e+00,8.120561660e-01,1.152931566e+00,-6.283115070e-01,1.058673030e-02,6.666780185e-03
4.796747967e-01,1.961458041e+00,8.058097515e-01,1.140930148e+00,-6.199364868e-01,1.119784281e-02,6.724777458e-03
4.837398374e-01,1.940666188e+00,7.996090682e-01,1.128817426e+00,-6.115194430e-01,1.178548012e-02,6.784027251e-03
4.878048780e-01,1.919956328e+00,7.934416240e-01,1.116587659e+00,-6.031133754e-01,1.235591355e-02,6.837473141e-03
4.918699187e-01,1.899368061e+00,7.872949268e-01,1.104235106e+00,-5.947712834e-01,1.291669645e-02,6.877117464e-03
4.959349593e-01,1.878940984e+00,7.811564842e-01,1.091754027e+00,-5.865461665e-01,1.346207102e-02,6.899955786e-03
5.000000000e-01,1.858704700e+00,7.750138043e-01,1.079138754e+00,-5.784910243e-01,1.397436000e-02,6.907423900e-03
5.040650407e-01,1.838645630e+00,7.688543948e-01,1.066388464e+00,-5.706588563e-01,1.443482187e-02,6.901707074e-03
5.081300813e-01,1.818738545e+00,7.626657635e-01,1.053510065e+00,-5.631026620e-01,1.482323557e-02,6.887413495e-03
5.121951220e-01,1.798958215e+00,7.564354183e-01,1.040511154e+00,-5.558754409e-01,1.511920247e-02,6.869853771e-03
5.162601626e-01,1.779279409e+00,7.501508671e-01,1.027399331e+00,-5.490290923e-01,1.531417186e-02,6.850656223e-03
5.203252033e-01,1.759676899e+00,7.437996176e-01,1.014182193e+00,-5.425751362e-01,1.542159345e-02,6.824589553e-03
5.243902439e-01,1.740125453e+00,7.373691777e-01,1.000867339e+00,-5.364739834e-01,1.545594654e-02,6.786255997e-03
5.284552846e-01,1.720599841e+00,7.308470553e-01,9.874623685e-01,-5.306827608e-01,1.542709964e-02,6.732928189e-03
5.325203252e-01,1.701074834e+00,7.242207582e-01,9.739748786e-01,-5.251585955e-01,1.534051207e-02,6.663925708e-03
5.365853659e-01,1.681525202e+00,7.174777942e-01,9.604124684e-01,-5.198586145e-01,1.520644701e-02,6.580041276e-03
5.406504065e-01,1.661925714e+00,7.106062044e-01,9.467827362e-01,-5.147399449e-01,1.504792270e-02,6.486529147e-03
5.447154472e-01,1.642251140e+00,7.036042175e-01,9.330932807e-01,-5.097597137e-01,1.489273487e-02,6.390201479e-03
5.487804878e-01,1.622476251e+00,6.964792129e-01,9.193517002e-01,-5.048750479e-01,1.475554870e-02,6.297072653e-03
5.528455285e-01,1.602575816e+00,6.892388953e-01,9.055655933e-01,-5.000430745e-01,1.463337064e-02,6.212283682e-03
5.569105691e-01,1.582524605e+00,6.818909694e-01,8.917425584e-01,-4.952209206e-01,1.452004683e-02,6.140869851e-03
5.609756098e-01,1.562297388e+00,6.744431401e-01,8.778901941e-01,-4.903657133e-01,1.440138761e-02,6.087841304e-03
5.650406504e-01,1.541868935e+00,6.669031121e-01,8.640160988e-01,-4.854345794e-01,1.425603978e-02,6.058408861e-03
5.691056911e-01,1.521214016e+00,6.592785902e-01,8.501278710e-01,-4.803846461e-01,1.406930039e-02,6.055955423e-03
5.731707317e-01,1.500307401e+00,6.515772789e-01,8.362331092e-01,-4.751730403e-01,1.384823519e-02,6.077783943e-03
5.772357724e-01,1.479124454e+00,6.438068833e-01,8.223394119e-01,-4.697568892e-01,1.360866580e-02,6.118796710e-03
5.813008130e-01,1.457662083e+00,6.359751078e-01,8.084543775e-01,-4.640933197e-01,1.336694424e-02,6.173266469e-03
5.853658537e-01,1.435944320e+00,6.280896574e-01,7.945856046e-01,-4.581405973e-01,1.314153611e-02,6.234042491e-03
5.894308943e-01,1.413996926e+00,6.201582368e-01,7.807406917e-01,-4.518895481e-01,1.295126220e-02,6.293707871e-03
5.934959350e-01,1.391845661e+00,6.121885507e-01,7.669272372e-01,-4.453675546e-01,1.280873790e-02,6.345615805e-03
5.975609756e-01,1.369516286e+00,6.041883038e-01,7.531528396e-01,-4.386039400e-01,1.272072887e-02,6.383823978e-03
6.016260163e-01,1.347034562e+00,5.961652010e-01,7.394250974e-01,-4.316280275e-01,1.269345706e-02,6.402559377e-03
6.056910569e-01,1.324426249e+00,5.881269469e-01,7.257513021e-01,-4.244691403e-01,1.273233338e-02,6.397188315e-03
6.097560976e-01,1.301717108e+00,5.800812463e-01,7.121370395e-01,-4.171566016e-01,1.284237560e-02,6.363671505e-03
6.138211382e-01,1.278932900e+00,5.720358039e-01,6.985873056e-01,-4.097197346e-01,1.302371464e-02,6.299798126e-03
6.178861789e-01,1.256099384e+00,5.639983246e-01,6.851070963e-01,-4.021878625e-01,1.325604621e-02,6.210991406e-03
6.219512195e-01,1.233242322e+00,5.559765130e-01,6.717014072e-01,-3.945903086e-01,1.351288952e-02,6.104980942e-03
6.260162602e-01,1.210387475e+00,5.479780738e-01,6.583752339e-01,-3.869563959e-01,1.377434178e-02,5.987247445e-03
6.300813008e-01,1.187560602e+00,5.400107120e-01,6.451335723e-01,-3.793154479e-01,1.403521405e-02,5.858254022e-03
6.341463415e-01,1.164787465e+00,5.320821321e-01,6.319814179e-01,-3.716967875e-01,1.429261380e-02,5.717677234e-03
6.382113821e-01,1.142093824e+00,5.242000389e-01,6.189237665e-01,-3.641297381e-01,1.454418923e-02,5.564937150e-03
6.422764228e-01,1.119505439e+00,5.163721373e-01,6.059656137e-01,-3.566436229e-01,1.478863606e-02,5.398961420e-03
6.463414634e-01,1.097048072e+00,5.086052864e-01,5.931119553e-01,-3.492677650e-01,1.502368175e-02,5.219196431e-03
6.504065041e-01,1.074747482e+00,5.008997603e-01,5.803677869e-01,-3.420314877e-01,1.523725609e-02,5.030463540e-03
6.544715447e-01,1.052628976e+00,4.932527444e-01,5.677381043e-01,-3.349641142e-01,1.540751825e-02,4.842717104e-03
6.585365854e-01,1.030707443e+00,4.856614060e-01,5.552279031e-01,-3.280949677e-01,1.551662310e-02,4.665196679e-03
6.626016260e-01,1.008987399e+00,4.781229128e-01,5.428421789e-01,-3.214521124e-01,1.556861605e-02,4.503251604e-03
6.666666667e-01,9.874729139e-01,4.706344322e-01,5.305859276e-01,-3.150399851e-01,1.558118948e-02,4.359931211e-03
6.707317073e-01,9.661680547e-01,4.631931318e-01,5.184641448e-01,-3.088420238e-01,1.557186297e-02,4.236950270e-03
6.747967480e-01,9.450768896e-01,4.557961792e-01,5.064818262e-01,-3.028409353e-01,1.555988187e-02,4.130691854e-03
6.788617886e-01,9.242034869e-01,4.484407417e-01,4.946439674e-01,-2.970194265e-01,1.556535975e-02,4.035342517e-03
6.829268293e-01,9.035519148e-01,4.411239871e-01,4.829555642e-01,-2.913602043e-01,1.560442510e-02,3.945416570e-03
6.869918699e-01,8.831262412e-01,4.338430827e-01,4.714216123e-01,-2.858459756e-01,1.568272275e-02,3.855894840e-03
6.910569106e-01,8.629305344e-01,4.265951961e-01,4.600471073e-01,-2.804594474e-01,1.580321615e-02,3.761874590e-03
6.951219512e-01,8.429688625e-01,4.193774948e-01,4.488370449e-01,-2.751833264e-01,1.596577158e-02,3.659231654e-03
6.991869919e-01,8.232452936e-01,4.121871463e-01,4.377964209e-01,-2.700003195e-01,1.616364712e-02,3.545446185e-03
7.032520325e-01,8.037638960e-01,4.050213183e-01,4.269302309e-01,-2.648931338e-01,1.638910666e-02,3.418290753e-03
7.073170732e-01,7.845287376e-01,3.978771781e-01,4.162434706e-01,-2.598444760e-01,1.663637314e-02,3.278770966e-03
7.113821138e-01,7.655438866e-01,3.907518934e-01,4.057411357e-01,-2.548370530e-01,1.690275647e-02,3.133023776e-03
7.154471545e-01,7.468134113e-01,3.836426315e-01,3.954275478e-01,-2.498535718e-01,1.718553623e-02,2.987562971e-03
7.195121951e-01,7.283413796e-01,3.765465602e-01,3.853024927e-01,-2.448767393e-01,1.747787010e-02,2.848563463e-03
7.235772358e-01,7.101318598e-01,3.694608468e-01,3.753638855e-01,-2.398892622e-01,1.776757372e-02,2.721821161e-03
7.276422764e-01,6.921889200e-01,3.623826589e-01,3.656096358e-01,-2.348738476e-01,1.804280977e-02,2.612653375e-03
7.317073171e-01,6.745166284e-01,3.553094673e-01,3.560376529e-01,-2.298132023e-01,1.829568147e-02,2.522150036e-03
7.357723577e-01,6.571190529e-01,3.482434466e-01,3.466458463e-01,-2.246900332e-01,1.852250321e-02,2.447031008e-03
7.398373984e-01,6.400002619e-01,3.411904792e-01,3.374321254e-01,-2.194883682e-01,1.871921032e-02,2.384202574e-03
7.439024390e-01,6.231632059e-01,3.341565484e-01,3.283943995e-01,-2.142095191e-01,1.887991131e-02,2.331191119e-03
7.479674797e-01,6.066061259e-01,3.271476374e-01,3.195305781e-01,-2.088669382e-01,1.899710451e-02,2.286082752e-03
7.520325203e-01,5.903260227e-01,3.201697293e-01,3.108385707e-01,-2.034743296e-01,1.906335240e-02,2.247210673e-03
7.560975610e-01,5.743198970e-01,3.132288073e-01,3.023162865e-01,-1.980453975e-01,1.907120030e-02,2.214377313e-03
7.601626016e-01,5.585847495e-01,3.063308545e-01,2.939616352e-01,-1.925938460e-01,1.901306629e-02,2.188423450e-03
7.642276423e-01,5.431175809e-01,2.994818541e-01,2.857725259e-01,-1.871333793e-01,1.888253564e-02,2.169676331e-03
7.682926829e-01,5.279153920e-01,2.926877894e-01,2.777468683e-01,-1.816777013e-01,1.867890205e-02,2.156251070e-03
7.723577236e-01,5.129751833e-01,2.859546434e-01,2.698825716e-01,-1.762405164e-01,1.840443873e-02,2.145062948e-03
7.764227642e-01,4.982939557e-01,2.792883993e-01,2.621775453e-01,-1.708355285e-01,1.806211411e-02,2.133169048e-03
7.804878049e-01,4.838687099e-01,2.726950402e-01,2.546296988e-01,-1.654764418e-01,1.765895465e-02,2.117987369e-03
7.845528455e-01,4.696964465e-01,2.661805495e-01,2.472369415e-01,-1.601769606e-01,1.720357316e-02,2.097076503e-03
7.886178862e-01,4.557741663e-01,2.597509101e-01,2.399971829e-01,-1.549507887e-01,1.670627292e-02,2.068636318e-03
7.926829268e-01,4.420988699e-01,2.534121053e-01,2.329083323e-01,-1.498116305e-01,1.618515008e-02,2.033752266e-03
7.967479675e-01,4.286675582e-01,2.471701183e-01,2.259682992e-01,-1.447731900e-01,1.566080090e-02,1.994435831e-03
8.008130081e-01,4.154772317e-01,2.410309322e-01,2.191749929e-01,-1.398491714e-01,1.515121432e-02,1.952199794e-03
8.048780488e-01,4.025248912e-01,2.350005301e-01,2.125263229e-01,-1.350532787e-01,1.466374873e-02,1.906550137e-03
8.089430894e-01,3.898075375e-01,2.290846680e-01,2.060201987e-01,-1.303992162e-01,1.420299712e-02,1.856466308e-03
8.130081301e-01,3.773221712e-01,2.232842788e-01,1.996545295e-01,-1.259006879e-01,1.377090394e-02,1.801389966e-03
8.170731707e-01,3.650657929e-01,2.175956871e-01,1.934272249e-01,-1.215713979e-01,1.335993887e-02,1.742415683e-03
8.211382114e-01,3.530354036e-01,2.120150336e-01,1.873361942e-01,-1.174250504e-01,1.296027788e-02,1.681026935e-03
8.252032520e-01,3.412280038e-01,2.065384586e-01,1.813793472e-01,-1.134753495e-01,1.256376096e-02,1.618803045e-03
8.292682927e-01,3.296405942e-01,2.011621026e-01,1.755548214e-01,-1.097359994e-01,1.216705317e-02,1.557602415e-03
8.333333333e-01,3.182701756e-01,1.958821061e-01,1.698614015e-01,-1.062186391e-01,1.176774485e-02,1.499392110e-03
8.373983740e-01,3.071137487e-01,1.906946095e-01,1.642979857e-01,-1.029202073e-01,1.136694139e-02,1.445519023e-03
8.414634146e-01,2.961687321e-01,1.855957532e-01,1.588634727e-01,-9.983126735e-02,1.097414657e-02,1.395878417e-03
8.455284553e-01,2.854351380e-01,1.805816778e-01,1.535567607e-01,-9.694235670e-02,1.060145181e-02,1.349938996e-03
8.495934959e-01,2.749139712e-01,1.756485237e-01,1.483767483e-01,-9.424401290e-02,1.025683136e-02,1.307627194e-03
8.536585366e-01,2.646062388e-01,1.707924313e-01,1.433223339e-01,-9.172677346e-02,9.940394319e-03,1.269702867e-03
8.577235772e-01,2.545129478e-01,1.660095412e-01,1.383924158e-01,-8.938117592e-02,9.650073372e-03,1.237179377e-03
8.617886179e-01,2.446351053e-01,1.612959937e-01,1.335858925e-01,-8.719775778e-02,9.383110738e-03,1.210928192e-03
8.658536585e-01,2.349737182e-01,1.566479293e-01,1.289016625e-01,-8.516705657e-02,9.134834019e-03,1.191588886e-03
8.699186992e-01,2.255297937e-01,1.520614886e-01,1.243386241e-01,-8.327960981e-02,8.899992075e-03,1.179802570e-03
8.739837398e-01,2.163043387e-01,1.475328118e-01,1.198956758e-01,-8.152595503e-02,8.674152820e-03,1.175438317e-03
8.780487805e-01,2.072983603e-01,1.430580396e-01,1.155717161e-01,-7.989662973e-02,8.454399644e-03,1.176854482e-03
8.821138211e-01,1.985128655e-01,1.386333123e-01,1.113656433e-01,-7.838217144e-02,8.238034706e-03,1.182031841e-03
8.861788618e-01,1.899488614e-01,1.342559231e-01,1.072763559e-01,-7.697311769e-02,8.025141320e-03,1.188807448e-03
8.902439024e-01,1.816073549e-01,1.299288046e-01,1.033027523e-01,-7.566000599e-02,7.821807947e-03,1.194616060e-03
8.943089431e-01,1.734893531e-01,1.256566117e-01,9.944373092e-02,-7.443337387e-02,7.635453298e-03,1.196791272e-03
8.983739837e-01,1.655965290e-01,1.214439994e-01,9.569819023e-02,-7.328269979e-02,7.470947822e-03,1.193547189e-03
9.024390244e-01,1.579349512e-01,1.172956229e-01,9.206502863e-02,-7.219047218e-02,7.327260832e-03,1.185204565e-03
9.065040650e-01,1.505124701e-01,1.132161373e-01,8.854314456e-02,-7.113634644e-02,7.202369843e-03,1.172440500e-03
9.105691057e-01,1.433369407e-01,1.092101978e-01,8.513143644e-02,-7.009996992e-02,7.095175794e-03,1.156189046e-03
9.146341463e-01,1.364162184e-01,1.052824596e-01,8.182880270e-02,-6.906098996e-02,7.006969194e-03,1.138066852e-03
9.186991870e-01,1.297581585e-01,1.014375779e-01,7.863414177e-02,-6.799905391e-02,6.939422516e-03,1.119799850e-03
9.227642276e-01,1.233706162e-01,9.768020764e-02,7.554635208e-02,-6.689380911e-02,6.890038951e-03,1.102077894e-03
9.268292683e-01,1.172614467e-01,9.401500416e-02,7.256433206e-02,-6.572490290e-02,6.845778103e-03,1.082955867e-03
9.308943089e-01,1.114385054e-01,9.044662255e-02,6.968698013e-02,-6.447198264e-02,6.791642655e-03,1.060040434e-03
9.349593496e-01,1.059096475e-01,8.697971798e-02,6.691319472e-02,-6.311469567e-02,6.716715922e-03,1.031064605e-03
9.390243902e-01,1.006827283e-01,8.361894560e-02,6.424187426e-02,-6.163306636e-02,6.619426751e-03,9.940711850e-04
9.430894309e-01,9.576560294e-02,8.036896056e-02,6.167191719e-02,-6.002158258e-02,6.500024109e-03,9.470721915e-04
9.471544715e-01,9.116406798e-02,7.723441801e-02,5.920222192e-02,-5.829340956e-02,6.361314676e-03,8.892368913e-04
9.512195122e-01,8.686725991e-02,7.421997312e-02,5.683168690e-02,-5.646294964e-02,6.211559864e-03,8.221250668e-04
9.552845528e-01,8.285624321e-02,7.133028104e-02,5.455922735e-02,-5.454460516e-02,6.060963072e-03,7.479460845e-04
9.593495935e-01,7.911202937e-02,6.856999692e-02,5.238416449e-02,-5.255277845e-02,5.915248616e-03,6.689075895e-04
9.634146341e-01,7.561562990e-02,6.594377592e-02,5.030623653e-02,-5.050187186e-02,5.771712043e-03,5.873908864e-04
9.674796748e-01,7.234805627e-02,6.345627319e-02,4.832520069e-02,-4.840628772e-02,5.624936740e-03,5.058374288e-04
9.715447154e-01,6.929031998e-02,6.111214388e-02,4.644081417e-02,-4.628042836e-02,5.470989775e-03,4.264913932e-04
9.756097561e-01,6.642343252e-02,5.891604315e-02,4.465283419e-02,-4.413869614e-02,5.308463347e-03,3.511673251e-04
9.796747967e-01,6.372840539e-02,5.687262616e-02,4.296101797e-02,-4.199549338e-02,5.136377082e-03,2.815859006e-04
9.837398374e-01,6.118625006e-02,5.498591612e-02,4.136512272e-02,-3.986522243e-02,4.958696926e-03,2.190182655e-04
9.878048780e-01,5.877797805e-02,5.325191659e-02,3.986490566e-02,-3.776228562e-02,4.792301375e-03,1.635392386e-04
9.918699187e-01,5.648460082e-02,5.166111844e-02,3.846012401e-02,-3.570108530e-02,4.657517285e-03,1.149197550e-04
9.959349593e-01,5.428712989e-02,5.020390415e-02,3.715053497e-02,-3.369602379e-02,4.567044099e-03,7.256035471e-05
1.000000000e+00,5.216657673e-02,4.887065622e-02,3.593589577e-02,-3.176150344e-02,4.509358400e-03,3.452249600e-05
1.100000000e+00,1.000000000e-16,1.000000000e-16,1.000000000e-16,0.000000000e+00,0.000000000e+00,0.000000000e+00
